{"cameraMode":{"drawMode":0,"name":"Shaded","section":"Shading Mode"},"sceneLighting":false,"audioPlay":false,"sceneViewState":{"m_AlwaysRefresh":false,"showFog":true,"showSkybox":false,"showFlares":true,"showImageEffects":true,"showParticleSystems":true,"showVisualEffectGraphs":true,"m_FxEnabled":true},"in2DMode":false,"pivot":{"x":0.07665252685546875,"y":3.4562346935272219,"z":10.965239524841309},"rotation":{"x":0.2996737062931061,"y":0.02947193756699562,"z":-0.009262247942388058,"w":0.9535428881645203},"size":16.124183654785158,"orthographic":false}