{"cameraMode":{"drawMode":0,"name":"Shaded","section":"Shading Mode"},"sceneLighting":false,"audioPlay":false,"sceneViewState":{"m_AlwaysRefresh":false,"showFog":true,"showSkybox":false,"showFlares":true,"showImageEffects":true,"showParticleSystems":true,"showVisualEffectGraphs":true,"m_FxEnabled":true},"in2DMode":false,"pivot":{"x":-0.9630948305130005,"y":-0.4735279083251953,"z":13.658824920654297},"rotation":{"x":0.1375517100095749,"y":-0.01248177420347929,"z":0.0017334772273898125,"w":0.9904157519340515},"size":6.157543182373047,"orthographic":false}