{"cameraMode":{"drawMode":0,"name":"Shaded","section":"Shading Mode"},"sceneLighting":false,"audioPlay":false,"sceneViewState":{"m_AlwaysRefresh":false,"showFog":true,"showSkybox":false,"showFlares":true,"showImageEffects":true,"showParticleSystems":true,"showVisualEffectGraphs":true,"m_FxEnabled":true},"in2DMode":false,"pivot":{"x":0.12723922729492188,"y":3.5071003437042238,"z":16.608680725097658},"rotation":{"x":0.42384472489356997,"y":-0.06512124091386795,"z":0.030567321926355363,"w":0.9028815627098084},"size":19.925336837768556,"orthographic":false}