{"cameraMode":{"drawMode":0,"name":"Shaded","section":"Shading Mode"},"sceneLighting":false,"audioPlay":false,"sceneViewState":{"m_AlwaysRefresh":false,"showFog":true,"showSkybox":false,"showFlares":true,"showImageEffects":true,"showParticleSystems":true,"showVisualEffectGraphs":true,"m_FxEnabled":true},"in2DMode":false,"pivot":{"x":-0.7461663484573364,"y":0.5315859913825989,"z":-0.696510374546051},"rotation":{"x":0.30223530530929568,"y":0.38225120306015017,"z":-0.1338837444782257,"w":0.8629106879234314},"size":0.34312546253204348,"orthographic":false}