{"cameraMode":{"drawMode":0,"name":"Shaded","section":"Shading Mode"},"sceneLighting":false,"audioPlay":false,"sceneViewState":{"m_AlwaysRefresh":false,"showFog":true,"showSkybox":false,"showFlares":true,"showImageEffects":true,"showParticleSystems":true,"showVisualEffectGraphs":true,"m_FxEnabled":true},"in2DMode":false,"pivot":{"x":1.0703548192977906,"y":-2.4706501960754396,"z":18.4409236907959},"rotation":{"x":0.24966929852962495,"y":0.09162973612546921,"z":-0.02373863384127617,"w":0.9636994004249573},"size":13.255608558654786,"orthographic":false}